GEOID,2020_eviction,2021_eviction,2022_eviction,2023_eviction,own_occ_rate,corp_own_rate,median_yearbuilt,median_price,median_prslpr,mortgage,median_totrooms,median_bathrooms,median_bedrooms,median_lotsize,median_intersf,median_flip_horizon,median_price_diff,median_price_diff_pch,median_lasqbin,mean_month_horizon,buyer_llc_ind_sum,buyer_bus_ind_sum,buyer_trst_ind_sum,buyer_bnk_ind_sum,buyer_gse_ind_sum,buyer_gov_ind_sum,seller_llc_ind_sum,seller_llp_ind_sum,seller_bus_ind_sum,seller_trst_ind_sum,seller_bnk_ind_sum,seller_gse_ind_sum,seller_gov_ind_sum,flip_ind_sum,buy_side_flip_sum,sell_side_flip_sum,restype_R1F_sum,sum_institutional_investor,sum_large_investor,sum_medium_investor,sum_non_investor,sum_small_investor,sum_non_small_llc_investor,sum_small_llc_investor,count_1.FAM.RES,count_2.FAM.RES,count_3.FAM.RES,count_CONDOMINIUM,count_RES.DEV.LAND,percent_owners,num_sales_transactions,years,pop,male,female,pop_u18,pop_18_64,pop_65o,White,Black/ African American,American Indian,Asian/PI,Other,Multirace,Hispanic,fam,hh,fhh,fhh2,fhh3,fhh4,fhh5,fhh6,fhh7o,nfhh,nfhh1,nfhh2,nfhh3,nfhh4,nfhh5,nfhh6,nfhh7o,acs_year,mhi,mhi_me,o_mhi,o_mhi_me,r_mhi,r_mhi_me
25017350103,5,27,54,40,0,0,1926.5,385250,0,278000,7,2,3,4050,2401,986.5,35000,7.78,2450.5,12,12,4,2,2,0,0,7,0,2,10,1,0,0,11,12,11,8,3,2,3,111,11,117,13,8,61,2,42,0,48.5,130,2010,1210,599,611,180,855,175,905,85,0,63,27,19,111,269,497,269,121,61,52,20,10,5,228,132,68,18,6,3,0,1,2007-11,66289,14867,67946,24272,62500,17116
25017351500,6,7,16,15,0,0,1920,316000,0,214400,3,1,1,0,1055,1183,15367,8.01,1050.5,11,22,6,20,3,1,0,14,0,13,20,5,0,0,19,20,19,18,9,12,8,357,13,373,26,18,25,26,272,0,39.3,399,2010,2310,1156,1154,299,1694,317,1262,198,5,265,72,96,412,435,1104,435,197,107,84,27,10,10,669,472,129,39,17,9,3,0,2007-11,46088,8581,73625,36340,36193,12570
25017373100,1,6,4,5,0,0,1910,453750,142625,315600,7,2,3,7599,1700,997.5,55850,14.41,1700.5,12,15,8,14,1,1,0,12,0,8,67,1,0,3,70,73,70,214,16,10,19,627,34,690,16,214,145,19,298,3,40.4,706,2010,4755,2194,2561,845,3255,655,3793,139,8,501,29,108,177,1066,2085,1066,471,262,218,80,18,17,1019,719,213,57,22,3,4,1,2007-11,77575,20060,103478,37193,63813,11158
25017373600,2,0,4,0,0,0,1945,537500,165000,258800,6,2,3,41502,1407.5,1268.5,54250,12.53,1450.5,10,15,8,49,0,0,0,32,0,13,124,1,0,0,50,53,50,295,17,6,14,659,24,705,15,295,19,3,386,4,38.2,720,2010,6026,2892,3134,648,4889,489,4747,146,1,600,9,142,381,718,988,718,303,156,156,74,20,9,270,191,40,17,12,4,2,4,2007-11,137460,45902,213843,31448,74085,44797
25021400600,4,1,3,2,0,1,1915,480000,194500,290000,5,2,2,0,1260,1121,60000,13.58,1250.5,12,34,10,34,1,1,0,84,0,3,82,5,1,0,87,92,87,201,8,6,27,1176,36,1216,37,201,23,13,977,1,36.6,1253,2010,5177,2381,2796,961,3615,601,4020,109,5,691,16,119,217,1153,2116,1153,517,271,255,81,26,3,963,617,207,72,50,15,2,0,2007-11,138506,37597,162422,16057,55341,27027
25021401200,6,4,4,12,0,0,1945,690000,110000,417000,8,3,3,7816.5,2142.5,1102,100000,17.325,2150.5,11,37,6,26,6,0,0,84,0,24,62,11,0,0,68,71,68,578,10,7,15,729,33,752,42,578,17,13,157,9,44.2,794,2010,7031,3262,3769,1732,4284,1015,4870,297,4,1333,31,168,328,1759,2413,1759,649,415,473,179,36,7,654,521,102,24,3,4,0,0,2007-11,131875,15448,163531,27932,89798,17593
25025000100,10,25,32,31,0.297403619,0.229740362,1920,396921,0,266000,7,2,3,3450,1920,1125,66410.5,24.215,1950.5,12,23,2,11,3,1,0,28,0,13,29,10,1,0,19,20,19,56,13,5,19,332,16,359,26,56,95,39,145,0,54.8,385,2010,4254,2256,1998,579,3326,349,2508,249,3,468,250,155,621,698,1616,698,265,167,142,69,38,17,918,394,267,129,75,36,12,5,2007-11,53699,11300,82944,19412,50102,25329
25025000201,3,9,10,7,0.380901288,0.169527897,1920,371500,0,296595,7,2,3,3671,1795,1176.5,39750,12.43,1850.5,14,5,3,5,5,0,0,3,0,7,32,8,0,1,18,20,18,78,11,8,14,300,15,338,10,78,102,22,128,0,48,348,2010,3854,1904,1950,439,3151,264,2728,244,5,324,70,76,407,571,1541,571,270,133,109,32,12,15,970,375,299,191,73,26,5,1,2007-11,64792,8084,86765,38872,62480,6015
25025000202,7,2,4,16,0.476846058,0.17146433,1920,430000,0,296900,7,2,3.5,4250,1909.5,1040,41298,12.515,1950.5,9,10,5,10,3,1,0,5,0,6,33,9,1,0,19,19,19,71,12,7,10,236,9,260,14,71,84,11,86,0,47.1,274,2010,3885,1962,1923,656,2889,340,2370,273,12,525,50,59,596,711,1480,711,259,185,149,80,19,19,769,361,205,104,62,27,7,3,2007-11,53542,8119,63679,27654,48333,15442
25025000301,0,2,6,2,0.41750503,0.172032193,1950,350700,0,261675,5,1,3,1390,1180,1093,30000,11.97,1250.5,13,8,3,10,2,1,0,60,0,7,46,3,1,0,21,21,21,53,4,5,17,297,23,337,9,53,58,14,206,3,41.3,346,2010,2740,1395,1345,273,2136,331,2050,124,0,295,24,57,190,463,1159,463,226,117,81,27,9,3,696,333,200,109,43,9,1,1,2007-11,89236,7378,88056,14554,93194,12816
25025000302,2,0,2,2,0.461467038,0.113277623,1963,305500,117000,224625,5,2,3,1055,1053,1310.5,37500,13.01,1050.5,12,4,2,13,2,1,0,14,0,9,36,3,1,0,32,33,32,92,7,9,13,462,14,499,6,92,61,3,344,0,42.6,505,2010,3142,1568,1574,310,2497,335,2295,89,2,449,30,48,229,545,1276,545,289,135,85,28,7,1,731,321,215,150,29,12,3,1,2007-11,78198,15566,71569,8300,85455,25744
25025000401,1,6,8,4,0.257448434,0.176470588,1930,223950,86500,161375,4,1,2,760,760,966.5,33000,17.345,750.5,13,18,8,15,8,3,0,78,0,32,108,16,3,0,124,127,124,31,35,11,40,879,63,1004,24,31,77,21,881,0,35.2,1028,2010,5672,2732,2940,404,4087,1181,4089,132,2,1033,30,99,287,834,2877,834,520,162,75,37,19,21,2043,1250,463,186,98,31,9,6,2007-11,35104,11614,51563,25692,29583,11430
25025000402,4,1,3,1,0.360753221,0.160555005,1925,345000,16500,210650,4,1,2,1214,1166,1080.5,29477,13.42,1150.5,13,18,9,25,0,4,0,73,0,11,53,0,4,0,37,41,37,59,17,16,12,441,22,490,18,59,82,10,324,0,42.5,508,2010,3648,1902,1746,366,3024,258,2734,69,0,545,28,83,189,473,1461,473,250,91,60,31,18,23,988,439,278,133,92,24,8,14,2007-11,55459,7477,116667,34493,46800,8585
25025000502,4,0,21,6,0.209809264,0.326067212,1927,252375,90000,164000,4,1,2,760,760,1094,32000,14.515,750.5,12,16,2,20,3,1,0,131,0,3,29,6,1,0,60,62,60,3,10,14,19,622,29,676,18,3,7,7,665,0,35,694,2010,6303,2888,3415,85,5925,293,4719,268,6,706,16,142,446,391,1872,391,306,65,12,4,1,3,1481,998,343,83,37,10,3,7,2007-11,46205,9882,96648,16052,39342,18186
25025000503,1,2,3,3,0.231721035,0.132733408,1935,211750,105700,160000,3,1,1,638,637,1102,27500,15.26,650.5,14,5,4,12,2,2,0,9,0,5,27,3,2,1,57,59,57,1,8,8,10,539,25,583,7,1,2,2,581,0,25.6,590,2010,2211,1028,1183,54,2016,141,1739,55,2,264,11,44,96,246,1341,246,181,50,12,2,1,0,1095,667,347,60,18,1,1,1,2007-11,49531,24007,49688,30677,47337,30538
25025000504,7,17,10,16,0.269203665,0.181818182,1920,245000,92250,172000,4,1,1,713.5,715,1148,34500,14.2,750.5,13,15,14,23,0,2,0,95,0,12,63,1,1,0,101,102,101,6,24,17,33,880,26,965,15,6,14,6,931,0,27.6,980,2010,4985,2135,2850,160,4020,805,3862,168,4,540,11,82,318,534,2637,534,375,99,42,8,5,5,2103,1218,533,177,122,38,10,5,2007-11,33444,6758,75521,30500,26264,6202
25025000601,4,4,7,3,0.358350951,0.184989429,1922,335000,21300,228480,4,2,2,1221,1147,924,45500,16.255,1150.5,12,10,2,14,5,3,0,12,1,6,74,8,2,0,39,41,39,79,15,9,24,385,26,446,13,79,54,21,275,0,39.2,459,2010,3571,1842,1729,295,2846,430,2480,82,2,540,94,85,288,521,1450,521,259,134,79,24,13,12,929,438,250,132,69,27,10,3,2007-11,54635,4989,60833,23810,54386,4966
25025000602,15,45,42,43,0.252411576,0.207395498,1920,230000,110250,168211,4,1,1,696,695,1119,33250,16.955,650.5,12,10,4,13,2,1,0,23,0,6,16,3,2,0,47,46,47,16,12,5,24,344,17,390,12,16,20,10,334,0,31.3,402,2010,3974,1943,2031,476,3019,479,2137,424,3,637,28,104,641,667,1968,667,381,121,88,50,16,11,1301,854,286,80,37,26,10,8,2007-11,26648,8824,58667,16860,24457,10779
25025000701,4,18,22,10,0.209971237,0.18696069,1964,251500,110625,179950,4,1,2,770,770,1152.5,35861,14.805,750.5,14,16,3,22,2,3,0,14,0,5,44,5,3,0,58,58,58,6,19,11,30,547,21,610,18,6,17,9,583,0,33,628,2010,4446,2238,2208,172,4106,168,3050,179,4,732,42,106,333,474,2294,474,315,95,37,19,5,3,1820,876,664,188,57,24,9,2,2007-11,51354,10444,100513,33654,45947,8795
25025000703,9,10,4,14,0.103053435,0.309160305,1920,269600,115000,185600,4,1,2,1034,1034,1079,25500,10.37,1050.5,12,13,3,3,2,0,0,5,0,5,12,2,0,0,13,13,13,3,2,4,9,122,14,137,14,3,7,13,109,0,42.4,151,2010,2791,1391,1400,58,2690,43,1708,85,3,663,57,93,182,157,1395,157,94,33,18,8,2,2,1238,644,364,145,60,16,2,7,2007-11,20129,4575,78511,3228,19068,7109
25025000704,17,25,29,28,0.161971831,0.228873239,1920,232000,120904,159849,4,1,2,796,795,1021,32000,13.03,750.5,12,23,9,29,4,5,0,45,0,17,83,12,3,1,94,94,94,6,31,17,28,685,37,774,24,6,15,8,742,0,33.6,798,2010,4801,2458,2343,243,4393,165,2873,288,3,878,73,111,575,512,2350,512,286,118,59,25,16,8,1838,943,543,176,118,36,14,8,2007-11,44774,4743,80106,14894,42019,7297
25025000802,23,28,37,42,0.230980123,0.284441398,1920,357000,2500,251829.5,4,2,2,1522.5,1322,946,39927.5,14.56,1350.5,11,44,16,25,3,1,0,61,0,29,70,9,1,0,75,75,75,91,60,22,39,582,63,721,45,91,127,78,395,0,38.9,766,2010,8136,4611,3525,671,7137,328,4292,318,6,1568,250,236,1466,924,3011,924,382,201,164,88,31,58,2087,744,691,292,179,100,42,39,2007-11,36881,8559,93125,31755,28109,9589
25025000803,0,1,0,0,0.106666667,0.106666667,1900,595000,122000,322700,7,2,2,4000,1865,531,95750,19.445,1850.5,17,2,0,1,0,0,0,1,0,0,2,0,0,0,4,4,4,7,1,0,0,18,0,17,2,7,1,0,6,0,63.2,19,2010,6584,2879,3705,189,6307,88,3935,384,8,1401,25,255,576,260,882,260,132,60,47,16,4,1,622,414,184,20,4,0,0,0,2007-11,28304,10253,0,0,28125,10232
25025010103,1,1,0,1,0,0.274193548,949.5,161000,0,393750,0,0,0,6883.5,1380,,,,1400.5,,0,1,0,0,0,0,0,0,0,1,0,0,1,0,0,0,0,0,0,0,2,0,2,0,,,,,,100,2,2010,4569,1818,2751,19,4524,26,2574,130,4,1328,21,165,347,50,490,50,44,3,2,1,0,0,440,313,100,11,16,0,0,0,2007-11,14953,14486,76618,80999,14009,8624
25025010104,3,6,9,4,0.162055336,0.273856578,1900,373925,175000,232250,3,1,1,733.5,732.5,1116,57250,18.395,750.5,15,31,5,34,1,0,0,132,0,42,61,4,0,0,91,92,91,0,11,14,32,862,51,939,31,0,1,0,940,0,32.2,970,2010,4804,2207,2597,103,4355,346,3140,128,8,967,14,138,409,381,1916,381,296,59,20,5,0,1,1535,1148,308,59,15,4,0,1,2007-11,29818,11467,101893,49203,20542,9314
25025010203,33,18,14,21,0.135699374,0.300626305,1910,224625,91500,150000,3,1,1,530,526,960,41625,22.01,550.5,13,23,6,20,6,1,0,95,0,14,37,10,0,1,93,93,93,0,48,24,25,536,23,631,25,0,0,0,631,0,31.2,656,2010,5569,2800,2769,169,5053,347,3605,278,11,920,21,165,569,549,3499,549,421,89,28,10,1,0,2950,1959,835,126,28,1,1,0,2007-11,35303,9273,82669,31044,31515,6676
25025010204,5,5,4,11,0.176204819,0.293674699,1920,374000,74000,200000,4,1,2,890,932,1077.5,49000,19.045,950.5,15,21,5,8,0,1,0,88,0,3,25,2,0,0,33,34,33,1,11,11,14,298,17,330,21,1,0,0,328,0,37.9,351,2010,3173,1449,1724,31,3100,42,2134,90,3,669,7,92,178,115,1188,115,79,26,10,0,0,0,1073,608,319,109,28,6,3,0,2007-11,31389,4981,54054,69503,30000,12250
25025010300,4,0,0,8,0.116465863,0.16064257,1915,218000,85000,153400,2,1,1,503,503,1000.5,38125,20.745,550.5,16,2,2,4,1,1,0,4,0,0,13,1,1,0,24,25,24,0,4,3,3,149,7,164,2,0,0,1,161,0,31.9,166,2010,4861,1657,3204,134,4676,51,3381,377,3,481,19,143,457,114,395,114,44,48,15,6,1,0,281,220,43,10,8,0,0,0,2007-11,27438,11898,76875,157446,25625,23803
25025010403,16,3,7,44,0.194059406,0.241584158,2002,280000,0,200000,3,1,1,489,479,1029,25600,8.21,450.5,13,14,2,7,1,0,0,155,0,5,14,1,0,0,27,29,27,0,7,10,15,282,23,323,14,0,0,1,311,0,31.5,337,2010,3003,1577,1426,105,2540,358,1686,295,10,628,10,81,293,311,2025,311,251,37,17,5,0,1,1714,1277,334,75,23,3,2,0,2007-11,16786,7373,61442,80435,16218,6304
25025010404,2,0,1,14,0.123537061,0.261378414,1899,335000,193000,221600,4,1,2,825,825,1115,70500,22.26,850.5,12,20,0,16,0,0,0,14,0,4,27,2,0,0,76,79,76,8,13,5,25,516,18,557,20,8,0,1,546,0,28.8,577,2010,5817,2739,3078,84,5632,101,4068,259,4,940,23,137,386,194,1810,194,141,35,8,5,5,0,1616,673,610,208,92,21,9,3,2007-11,16735,13735,66058,28515,15599,6375
25025010405,5,5,6,25,0.093078759,0.353221957,1920,275000,139000,183475,4,1,1,638,638,918.5,56000,25.905,650.5,13,7,1,6,0,0,0,6,0,2,3,1,0,0,31,32,31,0,6,4,13,162,3,181,7,0,0,0,174,0,21.8,188,2010,5522,2703,2819,120,5092,310,3767,426,10,719,15,150,435,152,966,152,100,29,17,2,4,0,814,567,125,61,47,10,3,1,2007-11,13580,2514,63500,28356,12699,2122
25025010408,1,6,3,8,0.23024055,0.24742268,1900,237000,121500,163500,3,1,1,530,530,1008,42500,21.955,550.5,12,4,1,8,1,1,0,12,0,3,25,3,1,0,36,36,36,1,6,8,7,230,9,256,4,1,0,0,258,0,26.5,260,2010,1426,717,709,46,1348,32,1014,50,2,207,1,19,133,126,943,126,96,22,8,0,0,0,817,547,226,39,5,0,0,0,2007-11,51078,13729,205054,84842,46944,12863
25025010500,4,5,6,8,0.275529865,0.346820809,1890,520000,292500,340000,4,1,2,1034,1016,1084.5,82500,18.915,1050.5,14,6,2,10,2,0,0,7,0,2,19,3,0,0,40,42,40,7,7,4,9,285,6,303,8,7,6,1,283,0,25.4,311,2010,3044,1487,1557,115,2563,366,1970,308,4,406,12,53,291,310,1655,310,225,54,21,6,4,0,1345,946,287,95,17,0,0,0,2007-11,42099,9003,250001,0,37188,14813
25025010600,15,10,15,23,0.310478655,0.252263907,1925,595250,151000,210600,4,1,2,926,899,1189,119000,23.17,850.5,13,14,7,40,1,0,0,114,0,19,62,0,0,1,70,72,70,2,6,2,8,546,40,588,14,2,3,0,585,0,29.1,602,2010,2858,1380,1478,179,2209,470,2159,134,2,361,6,40,156,530,1854,530,393,86,42,7,1,1,1324,1090,216,13,5,0,0,0,2007-11,75547,20890,80313,72535,73854,24962
25025010701,0,3,3,1,0.283568905,0.268551237,1897.5,650500,279500,286850,4,1,1,1050,1041,1062,80000,17.56,1050.5,15,56,11,41,1,1,0,36,0,17,57,7,1,2,82,86,82,9,11,10,19,786,38,807,57,9,4,0,792,0,28.8,864,2010,2478,1302,1176,111,2204,163,2009,57,2,211,14,49,136,302,1396,302,211,58,29,4,0,0,1094,858,196,34,3,0,1,2,2007-11,98786,9937,250001,0,81518,29627
25025010702,1,3,1,2,0.294191919,0.251262626,1899,642000,311500,286400,4,1,1,1070,1042,1073,82000,15.66,1050.5,13,65,15,49,1,0,0,85,0,25,72,4,0,0,109,115,109,1,10,10,31,893,56,935,65,1,2,4,924,0,28.6,1000,2010,2400,1140,1260,165,1947,288,2080,53,2,123,3,37,102,415,1402,415,304,59,36,8,7,1,987,821,140,22,4,0,0,0,2007-11,90068,14055,151809,92513,82426,9235
25025010801,2,1,2,0,0.345422117,0.177170036,1890,581150,277750,289500,4,1,2,940,935,1045,75000,15.37,950.5,13,23,3,50,1,1,0,85,0,6,88,4,0,0,126,131,126,4,14,10,26,1007,47,1080,24,4,0,0,1090,0,27.8,1104,2010,2783,1286,1497,175,2218,390,2336,62,3,186,5,52,139,480,1651,480,351,75,41,11,2,0,1171,1003,158,10,0,0,0,0,2007-11,154402,36301,179453,28569,125882,74010
25025010802,2,5,4,3,0.291512915,0.244596732,1895,520000,282062.5,287750,4,1,2,870,870,1088,73937.5,16.1,850.5,14,35,17,48,1,0,0,59,0,18,99,7,0,0,119,122,119,26,9,11,34,1124,38,1180,36,26,7,0,1162,0,24.7,1216,2010,3059,1515,1544,205,2554,300,2542,47,0,277,15,59,119,470,1871,470,314,95,48,8,5,0,1401,1105,264,27,3,2,0,0,2007-11,88370,16022,138996,29413,58237,12370
25025020101,1,1,5,3,0.367877972,0.197397936,1899,605000,244000,270000,4,1,2,805,895,1114.5,80000,16.81,850.5,12,54,12,106,1,0,0,118,0,39,132,1,0,0,123,129,123,174,9,15,24,1282,67,1340,57,174,24,12,1125,0,32.9,1397,2010,4193,1902,2291,464,3138,591,3782,26,1,187,19,39,139,809,2473,809,526,106,117,49,7,4,1664,1339,296,26,2,1,0,0,2007-11,94390,8390,122824,31950,79267,18303
25025020200,2,3,18,12,0.269731801,0.21302682,1899,364500,182500,248000,4,1,1,620,630,1138,64000,16.29,650.5,14,31,7,36,2,2,0,44,0,24,47,2,2,2,93,92,93,53,11,6,23,863,50,921,32,53,5,1,846,0,25.7,953,2010,3649,1639,2010,155,3219,275,3039,121,3,236,10,66,174,429,2302,429,317,69,36,6,1,0,1873,1202,593,73,4,1,0,0,2007-11,66944,17704,119479,79461,45417,13773
25025020301,1,4,12,7,0.190682557,0.185265439,1967,315000,140000,180800,3,1,1,737,737,1047,41750,13.715,750.5,11,3,1,11,1,0,0,6,0,2,33,1,0,0,30,30,30,0,1,13,16,273,20,319,4,0,0,0,313,0,44,323,2010,2023,946,1077,117,1562,344,1403,51,2,416,4,39,108,322,1250,322,225,61,26,7,3,0,928,766,135,24,3,0,0,0,2007-11,74000,17612,76500,50600,72188,20840
25025020302,4,3,11,12,0.322847682,0.235099338,1899,530000,191000,312000,4,1,2,885,895,1162,70000,14.86,850.5,15,11,1,19,1,0,0,14,0,1,28,1,0,0,32,33,32,6,2,3,14,420,14,441,12,6,4,1,425,0,30.7,453,2010,1181,553,628,57,1055,69,1011,31,1,60,3,14,61,155,675,155,115,23,16,1,0,0,520,334,150,30,2,1,0,3,2007-11,93674,16208,157396,55194,64414,49799
25025020303,18,25,45,67,0.264520644,0.307907628,1964,405000,151250,255000,3,1,1,901,896.5,1117.5,47500,12.27,900.5,14,23,4,20,0,0,0,36,0,14,34,1,0,0,46,47,46,0,1,4,12,489,36,519,23,0,0,0,515,0,31.9,542,2010,3400,2069,1331,228,2821,351,2047,564,6,330,8,72,373,462,1632,462,305,94,50,13,0,0,1170,954,195,16,5,0,0,0,2007-11,91136,30102,120167,73490,82292,38590
25025030100,0,2,2,1,0.294117647,0.213036566,1900,333250,91500,245300,3,1,1,673.5,698.5,942,55000,16.62,700.5,13,11,0,17,1,1,0,34,0,6,29,4,1,0,27,25,27,3,3,7,5,277,12,293,11,3,5,7,253,0,35.2,304,2010,1954,883,1071,62,1650,242,1818,19,0,32,5,12,68,196,1276,196,139,37,14,6,0,0,1080,737,296,39,7,1,0,0,2007-11,55278,11858,80417,44107,49640,10812
25025030200,0,3,3,4,0.219251337,0.228163993,1899,420000,0,287000,4,1,1,740,746,1019,25000,6.59,750.5,14,20,2,6,1,0,0,37,0,15,19,1,0,0,21,24,21,3,2,11,6,212,16,226,21,3,0,7,205,0,32,247,2010,1665,766,899,68,1413,184,1523,8,6,37,6,16,69,182,1044,182,132,26,17,4,1,2,862,551,276,28,7,0,0,0,2007-11,56082,11012,69412,43347,54770,5580
25025030300,16,19,27,25,0.320618059,0.223563496,1900,535000,225000,275000,3,1,1,1082,1068,1037.5,73242,15.79,1050.5,12,84,11,54,5,0,0,58,0,30,111,18,0,0,112,115,112,0,9,9,26,1020,65,1040,89,0,0,0,1052,0,34.2,1129,2010,4872,2669,2203,268,3765,839,3988,250,12,287,18,78,239,741,2468,741,557,119,55,8,2,0,1727,1345,353,24,4,1,0,0,2007-11,122309,14687,173173,51275,68393,29773
25025030400,0,1,5,1,0.23582996,0.23582996,1910,389000,68000,238400,4,1,1,750,765,1069.5,58500,18,750.5,14,19,4,27,1,0,0,108,0,9,38,1,1,0,44,46,44,1,5,1,13,455,21,475,20,1,1,6,444,0,33.3,495,2010,2451,1103,1348,106,2125,220,2253,13,5,74,6,22,78,268,1513,268,179,59,21,6,2,1,1245,819,344,73,9,0,0,0,2007-11,60603,11581,83625,65760,56733,9769
25025030500,1,4,1,0,0.403830806,0.200319234,1915,488000,206000,288000,4,1,2,946,970,1127,75937.5,18.28,950.5,13,34,5,31,0,1,0,83,0,10,76,1,0,0,66,67,66,1,6,8,12,689,32,713,34,1,0,8,719,0,29.2,747,2010,2538,1199,1339,113,2154,271,2294,13,0,107,7,24,93,372,1457,372,264,71,28,9,0,0,1085,680,322,74,7,2,0,0,2007-11,98906,22273,136719,42270,71207,21935
25025040100,0,0,1,1,0.471304348,0.135652174,1900,460000,216000,300700,5,2,2,0,1093,1143,55100,13.56,1050.5,13,13,3,12,0,0,0,20,0,22,17,1,0,0,89,86,89,83,4,7,8,811,39,856,13,83,24,6,739,0,23,869,2010,2168,991,1177,237,1639,292,2052,11,2,46,1,15,41,451,1188,451,268,91,64,25,1,2,737,551,156,27,3,0,0,0,2007-11,127039,27832,159485,44750,115573,57487
25025040200,3,1,0,4,0.513736264,0.115384615,1892.5,469000,213000,339800,5,2,2,0,1101,1078,59100,15,1150.5,11,5,2,5,0,1,0,20,0,19,14,0,0,0,34,35,34,71,5,1,7,287,10,304,6,71,12,9,213,0,23.9,310,2010,1606,731,875,433,1008,165,861,224,2,130,15,23,351,362,663,362,132,89,73,45,16,7,301,236,53,5,4,0,2,1,2007-11,48026,10478,99615,18992,35000,18496
25025040300,3,1,6,9,0.555377207,0.126270733,1885,380000,175000,286400,5,2,2,0,1049,1068.5,40000,11.51,1050.5,14,24,5,25,5,5,0,86,1,16,72,8,4,0,152,154,152,300,28,4,29,1306,60,1397,30,300,52,25,1018,4,20.3,1427,2010,3882,1822,2060,643,2949,290,3169,138,1,146,1,43,384,845,1894,845,401,230,148,54,10,2,1049,708,290,41,8,2,0,0,2007-11,115029,17003,117294,25326,72717,47810
25025040401,3,4,16,13,0.504524887,0.095022624,1899,398000,180000,291650,5,1,2,0,1065,1024.5,60000,18.35,1050.5,13,9,0,10,2,0,0,19,0,3,27,4,0,0,56,53,56,79,9,5,9,507,21,541,10,79,13,3,442,0,21.4,551,2010,2439,1102,1337,403,1719,317,2002,50,4,204,5,30,144,558,1174,558,242,155,97,42,13,9,616,503,98,12,2,1,0,0,2007-11,73184,12143,117083,47729,55516,11135
25025040600,8,11,28,31,0.441176471,0.19027611,1885,390000,146500,295000,5,2,2,0,1131.5,1212,50000,11.59,1150.5,12,19,5,16,5,1,0,73,0,11,36,11,0,1,62,64,62,167,16,4,11,701,28,737,23,167,27,16,527,0,22.2,760,2010,2444,1177,1267,240,1961,243,2235,36,0,90,5,20,58,488,1238,488,262,126,73,18,6,3,750,479,222,38,9,1,1,0,2007-11,116042,45849,147112,20202,81474,21188
25025040801,2,1,11,14,0.497670084,0.147250699,1899,429397.5,182450,287400,4,2,1,0,945,1115.5,20000,5.61,950.5,16,9,6,20,4,2,0,181,0,7,35,7,1,0,59,60,59,2,11,4,13,851,25,892,12,2,0,0,899,0,25.4,904,2010,3900,1766,2134,729,2794,377,2139,305,9,728,35,71,613,903,1876,903,453,229,123,68,20,10,973,787,177,8,0,1,0,0,2007-11,37000,13920,168813,29393,18281,10313
25025050101,5,24,21,33,0.435207824,0.178484108,1900,249000,83000,198000,10,2,4,1875,2097,789,25000,10.6,2050.5,11,17,7,13,18,10,0,24,0,16,50,44,6,0,62,65,62,80,40,12,23,399,33,475,32,80,106,187,117,1,38.1,507,2010,5115,2694,2421,1330,3414,371,1428,132,11,287,29,88,3140,1053,1713,1053,256,239,213,169,84,92,660,516,95,27,13,6,2,1,2007-11,33939,10191,84280,9152,27700,4045
25025050200,7,18,26,18,0.395468589,0.238928939,1900,280000,107000,215200,11,3,5,1800,2138,715,20000,9.18,2150.5,11,15,8,19,28,8,1,26,0,23,52,58,4,3,88,92,88,74,57,14,38,459,47,579,36,74,132,265,96,0,33,615,2010,5231,2736,2495,1332,3557,342,1353,135,8,130,96,82,3427,1148,1695,1148,276,289,281,150,70,82,547,373,105,31,19,12,5,2,2007-11,50733,7687,62083,11003,43750,9469
25025050300,23,20,50,53,0.286290323,0.342741935,1910,241600,0,169450,4,1,2,947,1800,938,36000,16.8,1850.5,14,7,3,3,2,2,0,45,0,6,14,6,0,0,14,15,14,2,7,2,11,111,7,130,8,2,11,38,62,0,31.2,138,2010,2251,1107,1144,517,1413,321,650,231,4,236,40,62,1028,464,973,464,161,123,94,57,17,12,509,419,55,21,9,1,3,1,2007-11,15907,2215,49861,65351,15331,2290
25025050400,2,15,10,5,0.367781155,0.23556231,1900,254900,51000,198000,5,2,2,1215,1598,681,69000,32.56,1550.5,12,10,3,12,5,0,0,8,0,8,29,9,0,2,31,32,31,28,8,10,6,215,14,239,14,28,23,69,91,1,39.5,253,2010,2372,1317,1055,411,1738,223,935,66,5,63,52,47,1204,480,967,480,141,137,99,62,21,20,487,342,104,23,13,3,1,1,2007-11,48697,10450,88824,31532,41359,10604
25025050500,2,13,6,6,0.287206266,0.302872063,1905,205000,29000,158100,4,1,2,824,817,719.5,20000,11.43,850.5,11,7,1,6,6,1,0,24,0,4,12,12,2,1,21,21,21,1,7,7,6,159,8,176,11,1,1,28,134,0,31.6,187,2010,1857,1017,840,376,1364,117,710,29,0,48,43,31,996,381,659,381,104,98,85,46,22,26,278,178,61,21,6,8,3,1,2007-11,40625,12782,75208,15179,33873,5642
25025050600,5,4,13,8,0.304435484,0.29233871,1910,282399,0,214435,2,1,1,948,990,698,33000,13.79,950.5,10,17,2,15,12,1,0,200,0,27,36,27,0,2,81,83,81,9,21,17,21,468,26,528,25,9,23,80,385,0,28,553,2010,2063,1201,862,431,1481,151,523,40,5,45,44,32,1374,417,746,417,101,108,104,57,24,23,329,203,84,24,15,1,2,0,2007-11,56875,5542,56019,991,58275,13836
25025050700,4,6,19,25,0.331034483,0.224137931,1900,279950,95000,220000,11,3,5,1551.5,2185,866,13000,4.46,2200.5,11,16,7,27,16,13,0,18,0,11,58,31,13,1,66,70,66,43,52,12,36,375,29,471,33,43,48,262,98,1,35.1,504,2010,4504,2526,1978,1011,3265,228,1225,82,5,86,154,46,2906,924,1455,924,211,213,243,140,64,53,531,292,130,56,32,16,4,1,2007-11,57566,13985,83869,24767,54730,16891
25025050901,3,16,17,7,0.378804961,0.218714769,1900,280000,90000,224000,11,3,5,1819,2358,952.5,13372,8.77,2350.5,13,9,1,14,23,5,1,11,0,11,36,41,2,1,48,48,48,63,40,9,21,348,17,406,29,63,100,184,36,0,33.3,435,2010,4165,2239,1926,998,2923,244,1215,70,3,86,50,37,2704,877,1324,877,209,198,202,126,68,74,447,285,94,34,21,9,4,0,2007-11,51038,15748,76875,17072,34871,9074
25025051000,10,18,33,59,0.498947368,0.177894737,1910,289950,0,228750,8,2,4,2500,1958,867,1280,0.83,1950.5,12,12,9,13,11,5,1,20,0,16,42,18,4,4,26,26,26,71,20,7,13,272,24,314,22,71,98,76,55,3,44.6,336,2010,4089,1981,2108,838,2700,551,2216,98,7,122,27,47,1572,988,1670,988,364,256,216,92,34,26,682,559,91,25,2,5,0,0,2007-11,42301,16062,66181,17262,31397,6546
25025051101,7,16,17,14,0.510576222,0.169219548,1920,295000,25000,228937,7,2,3,3600,1895,821,2600,0.58,1900.5,11,10,5,10,14,4,0,28,0,6,48,32,7,1,42,44,42,117,28,8,11,415,27,467,22,117,107,75,151,1,42.3,489,2010,6093,3006,3087,1345,3999,749,3189,328,13,229,70,89,2175,1422,2190,1422,463,368,316,153,65,57,768,547,152,38,22,8,1,0,2007-11,53750,12382,78399,18022,45417,22499
25025051200,9,10,29,14,0.403824522,0.178852643,1900,261000,2500,210250,6,2,3,1139,1474,738,41000,19,1550.5,11,4,6,17,9,4,0,27,0,12,47,13,3,1,47,49,47,54,18,9,21,321,19,374,14,54,50,80,157,5,32,388,2010,2379,1257,1122,400,1756,223,1349,59,4,52,50,43,822,509,1023,509,182,146,102,40,23,16,514,364,123,17,9,1,0,0,2007-11,46890,5731,71493,15291,43508,5494
25025060101,2,1,0,2,0.450657895,0.148684211,1905,350000,0,264000,5,1,2,1077,1079,1141,49412,14.79,1050.5,13,9,3,8,5,1,0,53,0,16,45,11,1,0,47,52,47,50,8,12,12,633,34,684,15,50,30,27,583,0,29.6,699,2010,3216,1542,1674,301,2475,440,3115,18,4,15,1,19,44,591,1575,591,303,145,98,36,6,3,984,643,228,88,23,2,0,0,2007-11,82500,15375,92647,10876,71759,17687
25025060200,0,1,0,1,0.463443396,0.141509434,1905,350000,0,280000,5,2,2,1021,1044,1335.5,35000,10.725,1050.5,11,1,3,5,0,0,0,25,0,11,21,2,0,0,22,22,22,28,3,2,19,329,18,370,1,28,24,15,301,0,31.8,371,2010,1916,866,1050,204,1499,213,1884,3,0,7,0,9,13,352,927,352,173,90,61,19,8,1,575,330,175,63,6,1,0,0,2007-11,90577,13336,111016,35549,87750,21260
25025060301,0,2,5,3,0.441015089,0.15569273,1900,349500,0,265525,4,2,2,1035.5,1054,1051,30400,10.065,1050.5,15,9,1,6,4,2,0,73,0,10,58,6,2,0,52,54,52,60,10,7,19,637,29,691,11,60,27,17,587,1,26.9,702,2010,3076,1419,1657,268,2377,431,2969,20,1,28,8,22,28,542,1540,542,287,132,71,36,13,3,998,622,267,91,16,2,0,0,2007-11,89318,13295,104125,22517,73870,33377
25025060400,6,3,4,7,0.440179462,0.154037886,1900,340000,0,260000,4,2,2,1015.5,1034.5,1064.5,41000,14.31,1050.5,12,18,10,16,12,4,0,93,0,42,79,26,3,0,112,115,112,189,25,15,25,1012,49,1099,27,189,43,40,838,0,24,1126,2010,4904,2193,2711,425,3626,853,4626,50,5,87,2,44,90,827,2378,827,456,185,120,49,12,5,1551,992,402,115,34,5,3,0,2007-11,78220,15071,109125,16311,48250,15664
25025060501,1,5,8,2,0.377390565,0.17679558,1905,340000,0,266000,4,2,2,978,1001,1101,38250,13.33,1050.5,14,23,8,27,6,4,0,124,0,26,150,17,3,0,90,94,90,88,18,17,32,943,49,1033,26,88,42,33,842,1,24.9,1059,2010,3571,1765,1806,305,3002,264,3343,22,2,100,5,27,72,611,1831,611,330,155,86,27,7,6,1220,722,354,126,18,0,0,0,2007-11,91630,14609,124718,17415,78973,10056
25025060600,19,26,59,51,0.282786885,0.297131148,1920,329750,0,247000,4,1,2,1008,988,985.5,50105,20.82,950.5,12,37,3,17,4,3,0,176,0,23,43,8,3,1,55,59,55,34,10,6,14,582,39,611,40,34,9,6,528,3,27.5,651,2010,2357,1201,1156,121,2096,140,2039,29,7,151,6,33,92,389,1370,389,275,67,32,10,3,2,981,621,327,29,4,0,0,0,2007-11,81627,10430,80682,19132,81875,17071
25025060700,7,1,6,15,0,0,2006,485000,0,335000,5,3,2,1478,1478,,,,1450.5,,0,0,0,0,0,0,0,0,0,0,0,0,0,0,0,0,0,0,0,0,1,0,1,0,0,0,0,1,0,100,1,2010,1893,770,1123,718,1064,111,354,381,1,185,37,58,877,473,617,473,132,126,105,46,30,34,144,137,5,1,1,0,0,0,2007-11,17592,3445,0,0,17592,3445
25025060800,2,1,6,5,0.361064892,0.18469218,1900,286500,66175,228000,4,1,2,903,912,1070,37000,14.115,950.5,12,37,15,37,20,14,0,101,0,62,158,37,10,5,142,148,142,175,48,19,37,1284,60,1394,54,175,37,35,1114,1,25.8,1448,2010,3964,1963,2001,341,3329,294,3577,39,6,184,11,41,106,643,2002,643,328,167,89,37,15,7,1359,804,419,104,26,5,1,0,2007-11,80000,13295,96429,5571,66724,26182
25025061000,20,2,3,3,0.425925926,0.137037037,1900,312500,1000,256800,4,1,2,881,910,1142,27000,8.8,950.5,13,4,1,3,4,3,0,31,0,5,18,8,0,1,17,22,17,26,7,2,7,301,10,320,7,26,11,7,278,0,16.5,327,2010,3098,1402,1696,854,2070,174,1284,464,3,342,49,61,895,717,1239,717,244,214,142,64,28,25,522,371,124,15,9,3,0,0,2007-11,26471,1925,79460,68909,21473,7997
25025061101,10,1,5,19,0.147058824,0.176470588,1905.5,377500,64000,292500,5,2,2,1736,1562,319,70000,46.67,1550.5,10,0,0,0,0,0,0,0,0,0,0,0,0,0,1,1,1,0,1,1,0,7,1,10,0,0,3,0,5,0,40,10,2010,2232,983,1249,713,1348,171,449,467,7,315,9,50,935,582,982,582,243,171,99,45,15,9,400,363,28,5,3,1,0,0,2007-11,11956,5415,0,0,11956,5415
25025061200,1,4,20,22,0.367387687,0.206655574,1910,404000,0,272000,4,1,2,1131,1131,941,40046,12.805,1150.5,13,93,15,48,8,13,0,338,0,130,92,25,9,0,161,173,161,69,52,31,44,1234,66,1328,99,69,16,39,1176,9,28,1427,2010,3240,1704,1536,265,2781,194,2743,68,2,225,10,36,156,566,1753,566,332,133,67,16,10,8,1187,766,344,55,20,2,0,0,2007-11,67813,5099,88750,37838,58063,18099
25025070101,16,26,41,31,0.236439842,0.29857002,1989,650000,0,317600,3,2,1,1189,1156,1007,68500,10.89,1150.5,12,196,46,151,5,0,0,566,0,99,138,12,0,1,221,226,221,0,26,37,72,2027,171,2133,200,0,0,0,2085,0,30.6,2333,2010,5902,3129,2773,358,4817,727,3524,274,3,1607,11,123,360,879,2875,879,608,150,83,27,6,5,1996,1603,353,22,13,3,1,1,2007-11,47609,19226,142969,40220,19058,5433
25025070200,0,14,14,11,0.190082645,0.305785124,2004,484500,0,200000,4,2,2,1050,1052.5,904,31499.5,7.92,1050.5,7,25,1,5,0,1,0,134,0,10,13,2,1,0,23,24,23,1,3,2,13,210,10,213,25,1,4,5,184,0,42.4,238,2010,5218,2353,2865,487,4020,711,1749,182,3,3039,9,76,160,825,1533,825,350,210,166,60,26,13,708,553,107,35,8,4,1,0,2007-11,14823,6040,96736,64508,13674,3887
25025070300,10,8,9,7,0.414349776,0.20941704,1900,603000.5,206000,300000,4,2,2,1015,1076,1058,79000,16.29,1050.5,15,58,15,93,4,0,0,430,0,28,145,7,0,0,184,192,184,95,16,20,40,1760,76,1851,61,95,11,16,1741,0,25.1,1912,2010,3909,2075,1834,251,3057,601,2983,105,4,568,17,71,161,659,2448,659,463,122,57,16,1,0,1789,1374,370,30,13,1,0,1,2007-11,117436,20734,132141,22087,90417,42353
25025070402,30,35,48,48,0.275609756,0.229268293,2002,379000,0,215000,2,1,0,1259,1002,2050,58246.5,31.085,1050.5,,3,0,0,0,0,0,4,0,2,0,0,0,0,0,0,0,0,0,0,0,11,0,8,3,0,0,0,6,0,18.2,11,2010,1723,765,958,365,919,439,110,221,2,1206,6,20,158,409,666,409,159,92,103,33,13,9,257,229,13,9,5,1,0,0,2007-11,15484,2116,0,0,15484,2116
25025070500,20,27,18,45,0.4140625,0.15625,1900,472500,248500,322700,4,1,2,916,932,1079.5,79000,20.14,950.5,15,23,8,29,3,0,0,114,0,82,62,4,0,0,155,167,155,51,15,13,18,1248,50,1319,25,51,7,10,1240,0,23.1,1344,2010,5460,2771,2689,750,4183,527,2962,381,4,937,17,89,1070,1030,2903,1030,530,249,168,51,20,12,1873,1350,469,44,9,0,0,1,2007-11,71058,22641,138125,29150,38263,9331
25025070600,1,1,1,2,0.472653061,0.177142857,1899,517500,285000,333700,4,1,2,976,1006,1040,90000,18.18,1050.5,14,8,2,23,1,1,0,16,0,3,33,2,1,0,87,89,87,33,9,7,12,679,38,736,9,33,55,10,626,2,23.2,745,2010,2240,1218,1022,233,1794,213,1838,91,3,131,15,48,114,408,1210,408,237,89,63,18,0,1,802,521,247,18,15,0,1,0,2007-11,87060,10942,97500,21927,75163,33075
25025070700,11,17,16,23,0.435845214,0.177189409,1899,539500,266000,338275,4,1,2,934,934,1095,75000,15.87,950.5,15,9,9,14,0,1,0,100,0,8,25,0,2,0,47,47,47,11,5,4,16,554,27,597,9,11,2,5,576,0,24.6,606,2010,2361,1132,1229,305,1844,212,1287,553,7,234,14,72,194,480,1238,480,266,117,63,24,8,2,758,539,174,33,10,2,0,0,2007-11,61190,21306,109732,111303,43732,6919
25025070800,8,9,33,41,0.390156919,0.203994294,1899,435000,230000,300700,4,1,2,870,869,1022,62000,16.14,850.5,15,19,8,21,0,0,0,63,0,13,33,0,0,0,109,111,109,14,8,13,23,838,31,894,19,14,12,3,853,0,19.8,913,2010,3706,1981,1725,335,3108,263,2307,685,3,264,20,90,337,550,2044,550,313,140,66,24,4,3,1494,1021,336,77,44,11,5,0,2007-11,56589,20820,166786,70706,30673,14891
25025070900,13,18,18,50,0.413108242,0.191658391,1899,419000,216000,296800,4,1,2,880,873,1139,66000,16.44,850.5,14,5,13,7,3,1,0,49,0,19,39,4,0,0,77,82,77,8,20,7,13,717,22,772,7,8,2,2,749,0,18.6,779,2010,3329,1690,1639,575,2435,319,1482,747,9,271,11,95,714,590,1728,590,284,141,90,50,16,9,1138,809,272,44,11,1,1,0,2007-11,51034,13375,130082,22289,25388,13356
25025071101,38,20,39,66,0.401676829,0.151676829,1905,375000,139000,263150,4,1,2,875,866,1150,55500,17.74,850.5,11,18,10,14,1,1,0,100,0,21,53,3,2,0,71,75,71,25,13,15,26,741,20,795,20,25,2,7,750,0,25.9,815,2010,3753,2032,1721,293,3084,376,1837,593,17,671,38,84,513,499,2088,499,320,102,53,10,7,7,1589,1140,396,48,5,0,0,0,2007-11,44076,9516,78750,61316,23036,16317
25025071201,6,7,11,25,0.333855799,0.21630094,1999,490000,0,312800,3,2,1,1177,1173,1031,96500,22.86,1150.5,13,15,5,5,1,0,0,99,0,8,48,3,0,0,39,39,39,2,4,5,10,317,19,340,15,2,0,1,335,0,34.1,355,2010,3131,1668,1463,560,2251,320,1218,592,7,480,18,58,758,583,1304,583,261,138,114,41,16,13,721,530,170,19,0,1,0,1,2007-11,37923,18474,117019,64430,17218,7665
25025080100,24,19,15,43,0.173913043,0.376811594,1890,350000,82500,200000,5,1,2,2205,2266,836,22000,8.07,2350.5,13,62,20,22,14,5,0,24,0,27,55,28,2,5,37,39,37,49,33,12,22,238,19,253,71,49,23,59,85,1,41.7,324,2010,3350,2226,1124,415,2748,187,516,1448,6,44,283,111,942,426,681,426,142,129,73,49,14,19,255,198,46,7,3,0,0,1,2007-11,40329,22885,85375,10152,15759,9365
25025080300,19,20,29,42,0.317422434,0.219570406,1900,237981,35000,124000,7,2,3,2444,1896,657.5,-18100,-12.04,1950.5,8,16,14,16,14,8,0,29,0,28,24,26,7,0,24,27,24,27,28,6,22,157,14,199,28,27,27,44,66,2,37.9,227,2010,1769,756,1013,525,1098,146,83,1065,11,16,45,41,508,400,693,400,124,113,83,42,24,14,293,250,29,4,7,1,1,1,2007-11,23315,13931,71250,47784,16050,7596
25025080401,20,28,22,78,0.197297297,0.302702703,1920,279500,0,200000,3,1,1,1330,1295,1204.5,69250,19.46,1350.5,10,18,9,6,2,2,0,41,0,20,14,8,0,1,10,10,10,1,9,5,4,131,9,138,20,1,4,5,107,0,43,158,2010,2710,1186,1524,700,1709,301,200,1349,16,66,15,80,984,670,1225,670,286,220,95,46,7,16,555,498,43,13,1,0,0,0,2007-11,13446,3867,69203,19935,11712,2483
25025080500,48,23,13,28,0.221649485,0.24742268,1890,336500,153750,239600,5,2,2,845,1164,905,66200,15.38,1150.5,9,2,2,8,7,0,0,1,0,5,11,10,0,3,22,20,22,43,8,4,9,129,12,156,6,43,5,24,72,1,36.4,162,2010,3096,1362,1734,948,1889,259,233,1369,2,100,13,50,1329,763,1269,763,295,218,141,62,28,19,506,408,52,32,12,2,0,0,2007-11,16136,7200,59087,88860,14964,7273
25025080601,5,11,23,58,0.239130435,0.273291925,1990,201950,0,135200,4,1,2,1110.5,1081,974,54840,42.21,1050.5,11,5,1,4,0,1,0,10,0,53,13,1,2,2,14,14,14,9,2,4,3,126,11,141,5,9,6,5,101,0,45.9,146,2010,4271,2048,2223,492,3687,92,2146,850,12,385,45,90,743,388,882,388,126,115,85,35,16,11,494,293,74,58,56,10,2,1,2007-11,21422,9314,56579,36848,18862,4287
25025080801,35,4,7,33,0,0.203389831,1988,195500,97500,88625,7,2,4.5,1697,1697,310,41000,29.17,1650.5,11,1,1,2,1,0,0,0,0,1,5,2,0,2,3,3,3,0,1,2,0,13,0,14,2,0,3,0,9,0,37.5,16,2010,3885,1916,1969,770,2928,187,1258,791,19,386,12,74,1345,567,927,567,177,150,115,53,42,30,360,247,37,28,30,9,5,4,2007-11,15994,3203,45764,60236,15817,2763
25025080900,14,3,17,13,0.195789474,0.421052632,1900,540000,66000,360000,9,3,4,2000,2664,959.5,134500,30.59,2650.5,14,34,3,10,1,0,0,25,0,3,17,1,0,1,30,32,30,51,16,27,14,185,27,234,35,51,16,94,62,4,37.5,269,2010,4008,2123,1885,206,3531,271,2601,329,5,664,8,88,313,323,1686,323,171,66,48,18,14,6,1363,632,227,186,231,58,25,4,2007-11,36450,7939,30375,45699,37955,9349
25025081001,26,7,39,43,0.136764706,0.335294118,1910,322075,118000,231800,5,1,2,1154,1148,960,55000,17.64,1150.5,13,19,5,8,3,0,0,18,0,15,26,3,0,0,51,53,51,8,13,17,19,291,24,340,24,8,27,73,217,2,30.2,364,2010,4890,2304,2586,662,3632,596,2180,684,19,923,14,120,950,814,2234,814,380,227,126,58,13,10,1420,875,247,164,101,22,9,2,2007-11,28932,9090,88239,69460,26287,8234
25025081100,6,31,24,6,0.408450704,0.178764897,1920,251375,0,183200,4.5,1,2,1130,1080,1004,49250,21.56,1050.5,12,23,5,14,4,7,0,56,0,25,36,7,2,0,52,58,52,21,19,13,22,497,25,550,26,21,28,59,428,4,39.4,576,2010,4091,2043,2048,339,3034,718,1953,876,6,550,15,83,608,468,1682,468,209,125,82,30,11,11,1214,727,251,115,94,13,11,3,2007-11,45125,7114,88571,19440,39375,11612
25025081200,7,10,8,16,0.431818182,0.210227273,1900,290000,0,225225,6,1,3,2117,1387,590.5,45000,13.51,1350.5,12,5,1,7,5,0,0,33,0,3,12,8,0,0,22,24,22,49,7,1,4,155,6,164,9,49,7,21,81,0,45.7,173,2010,3265,1449,1816,1040,1945,280,393,962,3,83,17,87,1720,741,1125,741,186,207,179,96,38,35,384,282,47,38,11,2,1,3,2007-11,18198,5850,126190,10367,15935,3927
25025081300,41,32,67,107,0.275,0.306666667,1905,250000,0,196800,5,2,2,2006,1635,782,6133,3.28,1750.5,10,15,10,15,4,8,0,28,0,18,19,12,6,2,24,25,24,43,18,11,16,179,9,212,21,43,16,32,91,1,41.6,233,2010,4760,2146,2614,1250,2851,659,299,2012,22,44,27,95,2261,1054,2001,1054,376,278,203,107,51,39,947,838,83,18,6,2,0,0,2007-11,20404,3636,80948,23729,18309,4039
25025081400,20,15,39,36,0.330180567,0.160791058,1905,261500,0,199600,6,2,3,1560,1421,920,34375,10.95,1550.5,9,17,7,22,8,1,1,67,0,19,33,18,2,22,37,37,37,42,25,17,20,350,24,412,24,42,48,54,211,9,42.9,436,2010,3003,1531,1472,523,2143,337,685,1516,18,92,18,88,586,582,1300,582,222,173,95,56,15,21,718,479,141,58,29,8,2,1,2007-11,46919,8014,76076,29997,40214,10087
25025081500,20,8,12,30,0.437603993,0.149750416,1920,252000,0,205640,6,2,3,1693,1506,792.5,-27994,-13.15,1550.5,11,18,4,10,12,4,0,23,0,48,32,26,3,4,28,31,28,40,35,9,15,238,16,285,28,40,25,35,176,11,40.6,313,2010,2134,955,1179,489,1451,194,177,1329,9,27,25,51,516,493,839,493,179,143,90,44,25,12,346,274,43,15,7,5,1,1,2007-11,27417,21354,57234,8668,21206,4658
25025081700,36,25,60,52,0.393416928,0.155172414,1905,270000,78000,191000,7,2,4,2500,2121,514,-26000,-9.335,2150.5,10,28,9,21,22,11,0,24,0,41,20,51,8,3,44,44,44,66,49,16,12,260,16,310,43,66,68,58,105,18,40.2,353,2010,3820,1700,2120,1067,2290,463,74,2725,18,59,37,125,782,933,1473,933,342,232,182,104,39,34,540,463,61,8,4,1,1,2,2007-11,35589,8541,79028,26059,26860,12393
25025081800,26,9,34,41,0.433986928,0.160784314,1905,249500,47000,174300,7,2,3,2820,2175,407,-35204,-12.1,2250.5,8,24,19,35,23,12,0,42,0,31,45,50,6,2,65,66,65,65,59,22,23,305,17,379,47,65,72,78,123,5,39.2,426,2010,2898,1327,1571,766,1889,243,78,1879,13,43,51,98,736,674,1139,674,243,179,112,75,34,31,465,390,52,9,9,4,1,0,2007-11,41471,9095,51700,14579,19789,13552
25025081900,19,27,46,61,0.395644283,0.245009074,1905,266000,14000,201400,10,3,5,3505,3121,889,0,0,3250.5,9,17,3,17,16,5,0,8,0,14,19,29,2,2,21,23,21,12,35,6,5,159,27,201,31,12,42,73,63,1,41.4,232,2010,3115,1327,1788,823,1964,328,68,2046,16,18,45,94,828,778,1256,778,275,238,149,66,25,25,478,426,35,10,2,3,2,0,2007-11,37004,9926,71250,54146,31633,4628
25025082000,17,12,48,33,0.448445172,0.180032733,1900,280000,40750,219610,10,2,4,3695,2735,388,-46625,-14.72,2750.5,8,17,6,22,20,8,0,12,0,6,30,38,1,9,31,33,31,22,40,10,9,194,13,233,33,22,79,41,84,1,39.5,266,2010,2815,1261,1554,703,1774,338,52,2087,9,20,47,66,534,695,1158,695,259,194,132,57,29,24,463,404,47,6,3,3,0,0,2007-11,33148,22362,68929,8534,16773,10303
25025082100,33,73,121,140,0.381546135,0.304239401,1925,303500,34000,228000,10,2,5,5982,3698,570,-42404,-12.83,3700.5,13,10,7,12,16,3,0,12,0,24,19,28,1,3,25,27,25,14,34,9,8,135,12,173,25,14,56,37,59,2,42.4,198,2010,5025,2122,2903,1581,2989,455,62,3093,21,33,44,111,1661,1265,2035,1265,471,338,239,124,58,35,770,698,56,12,3,1,0,0,2007-11,21585,7049,81450,30512,17524,4557
25025090100,42,37,56,78,0.417004049,0.16734143,1910,292000,120000,225000,13,3,6,3848,3492,543,-35682.5,-9.59,3550.5,10,34,8,27,42,6,0,21,0,30,30,76,4,3,68,74,68,19,75,23,27,309,23,390,67,19,122,193,71,1,31.9,457,2010,4571,2040,2531,1312,2854,405,86,3231,28,31,51,115,1029,1099,1681,1099,337,316,221,131,58,36,582,473,75,18,7,8,0,1,2007-11,34153,6441,71450,16125,26939,5585
25025090200,28,18,15,49,0.337423313,0.236196319,1910,287377,100000,195000,12,3,6,3795,2900,519,0,0,3000.5,9,18,8,17,15,3,0,21,0,26,42,33,2,3,43,47,43,6,42,3,14,159,13,199,32,6,55,70,35,12,32.5,231,2010,2233,1012,1221,775,1289,169,40,1176,5,45,53,49,865,535,772,535,143,153,116,65,33,25,237,195,26,9,2,3,2,0,2007-11,18883,3697,69583,68788,17350,3056
25025090300,30,37,28,80,0.351170569,0.200668896,1905,239000,34900,169400,12,3,6,3400,3393,632,-20250,-7.26,3450.5,11,21,7,20,15,6,1,40,0,6,39,31,4,7,38,41,38,11,33,12,23,228,17,278,35,11,49,127,59,2,42.2,313,2010,3179,1386,1793,1079,1898,202,47,1854,8,20,73,95,1082,829,1123,829,257,248,168,92,46,18,294,242,33,14,3,1,0,1,2007-11,17068,6603,62177,18062,14146,4378
25025090400,18,16,18,38,0.356179775,0.147191011,1905,230000,93070,126730,8,2,4,2712,2152,417.5,-19877.5,-10,2350.5,9,32,19,29,48,17,0,43,0,45,51,93,9,12,100,104,100,72,119,16,34,369,32,492,78,72,85,147,147,8,38.1,570,2010,3659,1726,1933,1151,2233,275,89,1900,18,34,236,177,1205,850,1148,850,193,232,187,118,71,49,298,233,47,7,6,3,1,1,2007-11,35093,6704,89605,32688,29630,11665
25025090600,9,9,14,13,0.323353293,0.158682635,1899,260299,48000,154275,8,2,4,2369,2330,485,-26387.5,-9.09,2350.5,10,17,7,19,23,9,0,15,0,12,30,39,8,0,36,35,36,18,40,7,13,151,9,186,34,18,51,56,52,3,40,220,2010,2348,1093,1255,653,1465,230,93,916,8,39,605,195,492,560,720,560,140,172,119,64,35,30,160,120,30,4,3,1,1,1,2007-11,50167,11878,54087,36609,36442,22731
25025090700,10,39,33,58,0.399859944,0.208683473,1905,288000,0,218000,5,2,2,1307,1251,767,25502.5,12.35,1250.5,10,37,8,25,10,7,0,81,0,13,40,21,6,1,72,76,72,40,33,15,42,511,34,589,46,40,46,116,384,2,33.1,635,2010,4275,2209,2066,634,3114,527,2597,370,10,747,72,100,379,839,1832,839,331,219,155,72,42,20,993,628,248,74,31,8,2,2,2007-11,38789,8626,67417,18814,33902,5992
25025090901,40,29,45,45,0,0.366666667,2005,1397015,1250000,0,0,0,0,94424,201924,324,447015,47.05,201950.5,5,4,0,0,0,0,0,2,0,2,1,0,0,0,2,2,2,0,0,0,0,2,3,1,4,,,,,,40,5,2010,3730,1799,1931,585,2968,177,1400,659,10,747,62,84,768,654,1540,654,290,179,97,52,18,18,886,396,287,88,105,8,2,0,2007-11,25523,7445,0,0,25523,7445
25025091001,6,10,18,22,0.432512315,0.174384236,1910,263732.5,28250,184500,5,1,2,1168,1142.5,942,33000,14.55,1150.5,11,18,6,24,13,5,0,20,0,56,42,21,5,1,57,63,57,59,30,21,25,442,28,516,30,59,44,48,348,3,35.5,546,2010,2742,1366,1376,460,1951,331,1599,298,0,519,32,82,212,555,1236,555,242,139,89,40,24,21,681,487,139,37,11,6,1,0,2007-11,63938,15944,101375,18816,31008,14542
25025091100,9,14,11,14,0.497688752,0.154083205,1905,293000,0,230400,6,2,3,1384,1334,878,20500,5.13,1350.5,11,10,8,26,16,5,0,59,0,13,70,36,1,0,60,64,60,87,31,17,31,563,47,668,21,87,65,132,373,1,36,689,2010,4861,2502,2359,920,3537,404,2260,597,16,1215,130,177,466,1003,1792,1003,310,273,194,111,55,60,789,470,210,65,30,12,2,0,2007-11,63944,19582,105625,20488,42419,11424
25025091200,9,9,13,20,0.509881423,0.164690382,1905,263155,37750,213350,6,1,3,1422.5,1314,739,22477.5,9.89,1350.5,11,10,7,13,12,6,0,16,0,13,25,24,4,0,42,43,42,43,26,12,12,308,16,350,24,43,29,68,216,0,31.3,374,2010,3234,1642,1592,750,2235,249,981,762,5,201,390,198,697,634,1160,634,210,148,120,94,33,29,526,351,129,27,9,5,3,2,2007-11,66463,10452,69545,46386,65625,22012
25025091300,16,14,11,30,0.404517454,0.180698152,1905,270603.5,0,158000,6,2,3,2472.5,1752,817,25000,10.79,1900.5,11,15,14,11,13,9,0,33,0,13,29,28,5,5,28,32,28,45,45,10,15,210,10,264,26,45,47,55,83,3,42.4,290,2010,2499,1206,1293,710,1604,185,165,869,6,82,644,201,532,577,790,577,130,155,121,95,40,36,213,170,31,5,3,4,0,0,2007-11,30691,2560,31429,31663,30175,6423
25025091400,19,16,12,42,0.428828829,0.176576577,1910,220000,70500,152000,7,2,3,3183,1698,367,3098,1.08,1650.5,9,11,12,8,19,3,0,22,0,34,16,38,3,2,32,33,32,71,30,12,8,217,8,246,29,71,56,33,73,1,46.9,275,2010,2741,1304,1437,717,1812,212,196,1267,6,27,262,181,802,611,879,611,179,168,116,86,32,30,268,229,21,11,3,2,1,1,2007-11,27708,10632,52333,17716,18681,6171
25025091500,25,16,16,30,0.5,0.121767241,1905,271500,87000,200000,8,2,4,2345,1944,561,-40000,-14.72,2050.5,9,36,22,34,48,12,0,60,0,31,69,96,8,3,95,101,95,31,105,27,40,457,36,586,79,31,87,208,298,4,30.5,665,2010,4370,2094,2276,1183,2815,372,407,1735,8,202,749,352,917,987,1470,987,243,262,220,129,64,69,483,366,89,18,6,1,2,1,2007-11,41810,5960,72031,15605,31571,6775
25025091600,19,15,22,17,0.389855072,0.205797101,1905,250000,97500,178500,6,2,3,2333,1796,679.5,7000,2.89,1850.5,11,17,14,17,25,16,0,25,0,20,52,52,14,2,67,72,67,59,64,15,20,365,35,463,36,59,46,149,204,0,27.3,499,2010,3138,1508,1630,855,2038,245,385,1015,9,805,263,175,486,704,1043,704,182,169,147,118,48,40,339,263,55,14,4,0,1,2,2007-11,38116,5953,90500,24387,26415,10326
25025091700,9,15,25,22,0.475925926,0.114814815,1905,275000,135000,209950,11,3,5,3363,2919,607,-40000,-13.01,2950.5,10,37,16,36,41,6,0,25,0,24,43,85,3,11,80,82,80,29,81,35,23,328,38,428,77,29,58,211,161,7,31.3,505,2010,3069,1450,1619,902,1981,186,200,1440,10,127,456,204,632,711,917,711,154,193,159,108,53,44,206,141,40,11,10,3,0,1,2007-11,46807,5550,76250,24537,43138,8348
25025091800,18,18,24,21,0.456090652,0.14305949,1905,275000,128900,200200,12,3,6,3408.5,3038.5,460.5,1742.5,0.775,3050.5,10,25,15,31,39,10,0,28,0,34,55,71,6,10,98,104,98,62,68,29,21,335,29,426,56,62,69,222,67,8,31.1,482,2010,3452,1589,1863,1023,2112,317,132,1798,14,59,524,212,713,793,1042,793,191,191,177,122,55,57,249,190,34,13,9,0,1,2,2007-11,55473,14134,85845,27304,29128,17863
25025091900,20,20,52,61,0.432291667,0.115885417,1900,270000,115000,200749,10,2,5,3491,2460,483,-1000,-0.685,2450.5,10,18,20,21,38,11,0,14,0,31,20,67,4,3,61,64,61,74,69,15,23,291,15,359,54,74,93,96,82,10,30,413,2010,3860,1743,2117,1167,2406,287,94,2699,17,12,97,117,824,920,1244,920,223,251,218,118,61,49,324,270,34,9,7,1,2,1,2007-11,35144,9958,61912,17596,28900,7894
25025092000,21,23,44,47,0.505733945,0.119266055,1905,295000,133000,211125,12,2,6,3437.5,2886,591,-20450,-6.255,2950.5,10,22,17,34,49,15,0,30,0,22,57,93,11,6,77,89,77,100,95,41,27,382,39,518,66,100,152,204,92,3,31.7,584,2010,4945,2421,2524,1292,3208,445,258,2676,11,471,220,258,1051,1095,1532,1095,288,241,233,166,89,78,437,319,73,21,8,9,4,3,2007-11,44796,4998,67440,9749,32934,4708
25025092101,22,19,47,48,0.476517755,0.167239404,1905,265000,82500,199200,5,2,3,1520,1266,732,0,0,1250.5,10,58,24,53,54,26,1,97,0,38,105,103,18,6,136,146,136,181,122,31,57,847,68,1027,98,181,133,148,585,1,32.3,1125,2010,6451,3116,3335,1550,4279,622,1906,1413,10,2029,181,223,689,1409,2252,1409,414,369,315,156,82,73,843,621,155,40,13,8,3,3,2007-11,48700,10519,82168,19075,31211,10004
25025092200,14,8,16,24,0.604738155,0.117206983,1905,315500,120000,221000,9,2,4,3772,2382.5,838,-2501,-1.78,2450.5,8,22,15,5,27,12,0,20,0,20,25,54,10,1,52,63,52,140,63,18,20,347,32,431,49,140,80,70,159,5,33.8,480,2010,3349,1625,1724,783,2267,299,740,1417,15,542,90,123,422,753,1134,753,214,194,153,100,55,37,381,247,99,19,6,7,2,1,2007-11,45848,8994,112188,44350,31655,6144
25025092300,15,18,29,32,0.47649919,0.153970827,1905,254950,132000,192025,11,3,6,3665.5,2820.5,488,-45967,-14.065,2850.5,8,25,7,26,40,13,0,20,0,41,38,71,10,6,53,56,53,72,83,20,14,290,13,364,56,72,61,172,61,2,29.3,420,2010,2893,1294,1599,842,1793,258,47,2222,5,21,41,99,458,686,956,686,181,186,148,82,59,30,270,207,39,14,6,4,0,0,2007-11,36765,6530,60833,45441,32804,5234
25025092400,47,32,70,100,0.396273292,0.219875776,1905,265000,105000,193500,11,3,5,3829,2998,374,-25055,-7.97,3050.5,9,33,19,39,49,16,0,36,0,41,60,99,11,7,86,95,86,30,114,17,40,328,32,455,76,30,71,186,164,13,30.9,531,2010,5277,2342,2935,1635,3215,427,56,3470,32,43,60,146,1470,1317,1873,1317,424,331,267,185,56,54,556,456,80,13,4,3,0,0,2007-11,26207,11813,54250,11504,21920,4969
25025100100,19,22,38,70,0.448315912,0.157955865,1920,249950,68000,161598.5,8,2,4,3878,2496,420,2712,0.875,2650.5,9,33,19,28,30,19,0,43,0,27,50,57,12,8,66,68,66,64,75,15,15,337,30,411,61,64,75,135,105,7,36.7,472,2010,5510,2330,3180,1759,3261,490,57,3542,17,52,112,127,1603,1328,1895,1328,390,359,270,175,64,70,567,493,51,13,5,4,1,0,2007-11,22375,9606,77143,47808,17571,3101
25025100200,15,16,29,33,0.4448,0.1472,1915,225000,73000,147070,7,2,3,3800,1691,442,762.5,0.27,1750.5,10,27,18,36,26,15,1,23,0,45,36,56,6,14,84,88,84,78,71,21,13,302,26,381,52,78,68,100,120,8,35.6,433,2010,2787,1217,1570,820,1753,214,37,2185,4,27,49,72,413,711,905,711,188,205,162,96,28,32,194,156,30,5,1,1,0,1,2007-11,41898,11258,71591,18645,34976,4836
25025100300,12,23,24,28,0.528117359,0.108801956,1905,275000,110000,209000,10,2,5,4143,2333,455,-13550,-5.13,2350.5,9,17,11,27,47,5,0,19,0,23,50,90,2,7,63,71,63,98,82,18,12,337,14,404,59,98,112,114,98,8,31.7,463,2010,3303,1476,1827,917,2064,322,120,2643,7,23,65,93,352,826,1121,826,237,233,175,101,49,31,295,236,47,5,6,0,0,1,2007-11,45685,7104,64688,19457,30455,16206
25025100400,11,28,40,45,0.639960435,0.097922849,1915,296727.5,134500,233950,8,2,4,4196,2329,635.5,-42124,-12.53,2350.5,11,33,13,33,43,10,1,17,0,23,46,81,7,2,77,82,77,128,71,26,20,422,31,497,73,128,153,124,146,1,40.4,570,2010,4865,2171,2694,1159,3153,553,557,3320,19,233,110,169,457,1199,1695,1199,403,320,235,147,54,40,496,390,79,15,8,0,1,3,2007-11,52930,16901,90662,15252,31295,15837
25025100500,34,34,39,62,0.454808388,0.163412871,1905,285000,122500,216000,8,2,4,3076,2171,621.5,-8000,-2.73,2250.5,11,53,28,34,40,24,1,65,0,37,55,84,20,14,135,147,135,146,114,40,49,597,52,768,84,146,102,209,302,10,34.6,852,2010,5989,2820,3169,1551,3866,572,796,3317,14,573,115,206,968,1449,2174,1449,465,394,303,150,74,63,725,544,139,23,14,2,2,1,2007-11,46605,5203,87143,65242,33257,14401
25025100601,11,18,20,19,0.56504065,0.105691057,1912,244500,76500,193500,6,1,3,1180,1173,801,3805,2.27,1150.5,9,25,14,22,43,25,1,49,0,52,74,76,18,3,110,119,110,144,96,20,42,741,54,886,67,144,137,87,567,0,29.1,953,2010,5154,2534,2620,1148,3509,497,2102,1418,8,841,174,133,478,1162,2028,1162,397,302,236,128,50,49,866,615,210,31,5,4,1,0,2007-11,53616,4895,82929,18202,46004,8779
25025100603,3,4,6,2,0.473333333,0.16,1920,266500,0,202200,5,2,2,1746,1334,728,7000,2.84,1350.5,11,31,10,12,7,3,1,83,0,27,42,15,4,0,46,49,46,81,24,6,19,387,21,419,38,81,63,25,244,2,37.2,457,2010,1904,938,966,371,1231,302,1314,235,1,161,20,44,129,384,754,384,147,95,75,45,13,9,370,263,82,15,8,2,0,0,2007-11,63594,22450,86125,18282,39811,19241
25025100700,2,5,7,6,0.624753127,0.102699144,1925,290000,0,232000,6,2,3,3303,1392,1020.5,35000,14.36,1350.5,12,13,4,30,11,6,0,20,0,13,37,25,4,1,46,50,46,236,39,16,21,583,26,663,22,236,122,29,267,2,44.4,685,2010,4322,2092,2230,874,2759,689,3847,152,5,167,16,34,101,1003,1873,1003,403,249,191,110,34,16,870,651,184,31,4,0,0,0,2007-11,68467,6561,83750,15903,53462,17839
25025100800,16,16,22,59,0.634638923,0.103427173,1920,299000,69000,222800,6,2,3,3290,1547,976.5,30000,10.86,1550.5,10,27,17,23,15,7,0,68,0,33,44,34,7,1,72,78,72,282,48,21,21,766,31,842,45,282,147,41,377,1,38.9,887,2010,5546,2648,2898,1057,3704,785,2896,1364,15,615,62,182,412,1216,2524,1216,513,299,208,122,47,27,1308,1006,253,33,10,1,4,1,2007-11,60813,15378,98879,12089,35938,16656
25025100900,6,15,21,17,0.6484375,0.1203125,1925,269950,110000,212925,6,2,3,4492,1530,636.5,9050,6.34,1550.5,10,28,13,24,27,10,0,28,0,19,70,59,4,0,72,77,72,238,55,16,26,445,26,515,53,238,114,34,140,2,40.3,568,2010,4072,1887,2185,880,2780,412,933,2342,0,278,56,113,350,996,1610,996,343,302,187,84,44,36,614,482,112,16,3,0,0,1,2007-11,56125,6913,68889,6099,40330,13927
25025101001,41,31,64,61,0.529117095,0.08140263,1931,235000,79000,191500,7,2,3,4200,1530,655.5,-850.5,-0.265,1550.5,11,29,19,30,42,9,0,41,0,23,43,82,6,2,75,84,75,338,71,14,12,522,19,571,67,338,116,25,101,5,44.8,638,2010,5480,2463,3017,1223,3529,728,133,4551,18,13,44,127,594,1411,2127,1411,519,395,254,139,56,48,716,619,77,13,5,1,1,0,2007-11,62446,18697,87000,18989,26295,13781
25025101002,21,16,77,105,0.631120783,0.072905332,1935,273461,67000,211875,8,2,4,5006,1800,510,-19026,-6.295,1850.5,9,13,9,17,30,4,0,12,0,17,37,50,3,3,50,53,50,169,52,9,8,317,11,353,44,169,161,18,11,6,41.8,397,2010,4979,2175,2804,1193,3052,734,201,3834,19,53,47,132,693,1269,1968,1269,503,357,218,110,51,30,699,618,69,9,2,1,0,0,2007-11,36128,3760,107985,24594,30745,7914
25025101101,13,13,32,32,0.559602649,0.09602649,1920,274950,60475,217525,11,2,5,4376.5,2692,532,16882.5,7.545,2750.5,10,26,13,26,24,4,0,30,0,28,36,44,2,2,61,62,61,48,51,16,14,262,25,325,43,48,125,84,57,10,40.2,368,2010,3155,1457,1698,901,1921,333,29,2532,7,2,10,96,479,788,1048,788,212,224,178,98,45,31,260,203,41,8,3,4,1,0,2007-11,58672,13695,59219,14397,54453,39138
25025101102,27,34,63,61,0.439313984,0.133245383,1905,288000,79000,221000,9,2,4,3589,2974,631,7020,1.96,3050.5,10,27,20,18,25,6,1,30,0,41,29,45,2,8,72,79,72,55,67,29,19,354,22,446,45,55,50,181,144,5,35,491,2010,4396,1992,2404,1233,2704,459,54,3692,15,27,3,84,521,1083,1511,1083,325,293,232,138,58,37,428,334,52,27,11,2,1,1,2007-11,32854,9266,50391,14653,27500,7866
25025110103,11,13,56,46,0.491599253,0.130056005,1915,289000,75000,228000,6,1,3,1248.5,1141.5,1080,30000,10.85,1150.5,13,14,14,19,12,3,0,33,0,27,57,20,2,0,70,71,70,137,25,10,26,768,19,825,23,137,78,44,529,3,35.5,848,2010,5460,2502,2958,1103,3913,444,2138,961,22,392,35,166,1746,1141,2186,1141,413,331,193,130,36,38,1045,622,285,80,39,12,4,3,2007-11,58935,11740,91793,13914,29395,12978
25025110201,6,17,33,31,0.561965812,0.128205128,1945,269500,94750,201096,6,2,3,4771.5,1549,731,15000,7.24,1550.5,8,5,3,10,13,2,0,7,0,11,14,25,1,1,27,28,27,101,19,11,11,185,10,221,15,101,36,14,61,3,39,236,2010,2051,943,1108,492,1362,197,411,795,13,42,15,41,734,523,815,523,191,154,98,50,20,10,292,235,44,9,2,1,0,1,2007-11,54263,6849,85956,32222,27850,10150
25025110301,4,2,8,5,0.617245005,0.103049422,1938,280000,85000,220000,6,2,3,4000,1310,916,29000,12.09,1350.5,8,13,7,16,11,1,0,47,0,11,33,26,2,1,48,42,48,204,17,11,15,411,15,444,25,204,68,13,165,0,46.7,469,2010,2405,1105,1300,560,1636,209,955,602,13,60,19,64,692,589,898,589,199,152,137,61,22,18,309,221,75,6,5,1,0,1,2007-11,72159,19524,86750,24547,67543,20035
25025110401,6,6,16,12,0.629960317,0.10515873,1920,276500,97500,216000,6,2,3,1802,1725,879.5,22500,8.33,1750.5,9,26,9,16,19,3,1,42,0,19,39,36,2,2,46,48,46,107,38,12,20,402,11,437,46,107,68,32,255,1,35.4,483,2010,3566,1663,1903,868,2382,316,1117,945,5,97,14,79,1309,908,1285,908,294,277,191,78,40,28,377,257,101,10,9,0,0,0,2007-11,48750,20476,82396,14862,32250,12453
25025110403,2,8,9,4,0.719944406,0.064628214,1931,305000,117000,240000,6,2,3,4216,1450,948.5,26000,9.83,1450.5,11,17,15,17,21,18,1,33,2,25,32,47,9,1,75,77,75,343,59,9,15,643,29,715,40,343,107,17,265,3,41.7,755,2010,4309,1953,2356,912,2877,520,2148,895,10,114,46,94,1002,1064,1675,1064,368,300,219,116,32,29,611,460,125,17,5,3,0,1,2007-11,65417,10282,93897,8006,31696,5966
25025110501,0,3,2,1,0.709302326,0.082289803,1920,350000,15000,275000,7,2,3,4468,1686,1268.5,52000,18.65,1650.5,13,1,2,7,2,0,0,19,0,3,22,5,0,0,25,25,25,255,5,4,6,424,16,451,4,255,70,11,111,0,41.8,455,2010,3253,1547,1706,685,2149,419,2299,321,1,91,10,70,461,824,1300,824,325,216,179,70,19,15,476,338,117,15,3,1,0,2,2007-11,77201,11244,93810,26750,67679,32300
25025110502,2,5,14,5,0.57816006,0.103964099,1920,308500,75500,237500,6,2,3,3500,1530,1038,26000,11.76,1550.5,10,16,7,23,19,6,0,42,0,15,36,38,4,2,58,62,58,213,43,10,13,586,23,641,34,213,115,32,280,3,37.6,675,2010,3806,1811,1995,762,2588,456,2070,625,5,113,29,88,876,901,1580,901,324,250,200,80,29,18,679,507,146,18,4,2,2,0,2007-11,53789,7346,92786,19401,38296,2923
25025110601,1,4,0,0,0.80131209,0.052483599,1938,407250,165250,299050,7,2,3,6107.5,1632,1088,64000,14.79,1650.5,13,1,1,10,3,1,0,1,0,1,22,5,1,0,28,30,28,359,5,3,11,380,11,408,2,359,18,0,27,2,43.4,410,2010,2969,1301,1668,520,1545,904,2580,76,7,132,13,39,122,690,1235,690,318,160,128,62,14,8,545,459,75,9,1,0,1,0,2007-11,89931,15083,103880,13525,48750,18674
25025110607,2,2,5,7,0.615264798,0.112149533,1920,330000,0,256000,6,2,3,3000,1448,1127,34500,11.75,1450.5,13,8,6,4,4,2,1,32,0,5,54,12,1,2,49,53,49,276,11,3,9,708,22,739,14,276,90,15,359,0,39.6,753,2010,5077,2283,2794,842,3254,981,4085,263,6,128,29,79,487,1137,2089,1137,486,301,232,87,22,9,952,722,196,21,6,4,1,2,2007-11,76414,13501,102694,18879,54250,13729
25025120103,1,0,1,1,0.630681818,0.146306818,1910,530000,175000,329000,7,2,3,2066,1947,1290,48000,9.02,1950.5,14,9,3,5,0,0,0,19,0,10,15,4,0,0,18,19,18,73,3,3,1,309,7,314,9,73,24,3,215,0,39.6,323,2010,1508,696,812,271,1067,170,1270,55,1,54,8,43,77,367,660,367,160,116,71,17,3,0,293,188,71,18,11,5,0,0,2007-11,172852,49837,175368,27552,92500,56615
25025120104,1,0,2,2,0.500579374,0.107763615,1905,307500,54000,231000,5,1,2,1035,1015,1186,51500,16.55,1050.5,13,2,1,7,2,0,0,20,0,2,24,4,0,0,37,37,37,51,3,1,8,398,7,413,4,51,21,10,331,0,29.5,417,2010,2095,892,1203,349,1614,132,1359,150,2,126,8,43,407,402,1000,402,170,126,77,19,7,3,598,353,202,29,10,3,0,1,2007-11,65526,9800,76806,32626,48281,30457
25025120105,0,1,1,0,0.744346116,0.114060964,1955,457000,152750,239375,6,2,3,5544,1602,1078,50500,17.24,1650.5,12,7,6,15,4,2,0,1,0,5,46,5,3,1,57,58,57,324,10,10,13,556,23,600,12,324,1,0,274,3,35,612,2010,2444,1062,1382,427,1458,559,1890,117,2,210,5,70,150,560,898,560,298,115,104,32,9,2,338,226,100,11,1,0,0,0,2007-11,168125,19036,173365,19853,46964,58534
25025120201,9,28,50,23,0.475711893,0.159128978,1910,282250,0,223600,5,1,2,1003,986,1137,31900,15.01,950.5,13,15,6,12,0,2,0,56,0,16,43,3,0,0,50,51,50,33,13,2,9,611,15,634,16,33,19,37,531,1,27.5,650,2010,3439,1577,1862,503,2666,270,1903,510,7,115,28,76,800,646,1659,646,299,192,105,30,12,8,1013,592,321,80,17,3,0,0,2007-11,64636,11485,108039,12707,50368,7069
25025120301,9,15,17,32,0.493013972,0.142381903,1905,293500,0,220000,5,1,2,1236,1168,1041.5,36000,14.77,1150.5,10,18,11,26,20,4,0,92,0,35,56,43,5,2,71,70,71,72,43,19,24,699,40,788,37,72,72,79,566,1,32.8,825,2010,4795,2312,2483,862,3587,346,1908,789,9,136,28,104,1821,949,1784,949,343,249,186,99,35,37,835,454,242,93,35,8,3,0,2007-11,61599,9682,93558,25794,41394,13530
25025120400,15,20,18,15,0.551724138,0.117241379,1910,360000,107890,255900,5,1,2,1249,1194,1158,41000,14.1,1250.5,14,19,8,17,6,1,0,127,0,11,89,10,1,2,85,91,85,120,15,8,18,1193,20,1232,22,120,61,28,1011,2,31.1,1254,2010,5751,2631,3120,673,4448,630,4344,383,13,261,24,160,566,999,2710,999,506,264,156,47,18,8,1711,1069,458,101,48,16,10,9,2007-11,86587,20263,112520,11492,48438,14382
25025120500,1,6,5,5,0.469936709,0.139240506,1905,336000,500,251200,6,2,3,1663,1517,877,25100,6.865,1550.5,12,5,7,14,10,1,0,26,0,48,15,17,0,1,34,36,34,37,13,3,12,291,16,323,12,37,28,59,189,2,31,335,2010,2331,1099,1232,421,1734,176,764,232,6,63,22,49,1195,450,852,450,140,120,94,52,29,15,402,186,112,72,29,2,1,0,2007-11,47150,15009,84844,41203,43239,19202
25025120600,1,2,2,1,0.529482551,0.114320096,1905,363300,0,268600,5,1,2,1278.5,1239.5,1314,22750,7.3,1250.5,10,8,5,15,3,2,0,48,0,15,24,5,2,1,26,24,26,33,5,2,10,418,9,434,10,33,38,18,342,1,34.5,444,2010,2335,1046,1289,268,1957,110,1751,115,3,80,15,70,301,417,1054,417,205,128,53,23,5,3,637,286,232,80,27,9,1,2,2007-11,85465,18464,99177,10685,71250,9037
25025120700,1,2,3,6,0.44606947,0.126142596,1910,302000,102650,226400,5,1,2,1057,1032,1148.5,40000,15.43,1050.5,12,4,5,6,2,0,0,22,0,7,17,5,0,0,31,31,31,19,4,1,13,373,8,394,5,19,10,21,334,0,26.6,399,2010,2014,979,1035,207,1565,242,1267,169,3,169,8,44,354,382,983,382,211,104,48,10,7,2,601,377,155,39,18,12,0,0,2007-11,72746,7748,92750,33235,53438,23600
25025130100,2,5,1,6,0.670656511,0.077983315,1940,370000,143500,280400,7,2,3,4876,1463.5,1238,55500,16.32,1450.5,12,13,3,19,2,0,0,21,0,3,41,6,1,2,65,71,65,656,13,10,17,853,31,909,15,656,39,0,213,1,40.9,924,2010,5906,2746,3160,1067,3913,926,4789,190,1,523,26,112,265,1458,2668,1458,659,388,267,108,31,5,1210,938,255,12,4,1,0,0,2007-11,76464,12737,89080,12723,52300,31495
25025130200,1,2,8,4,0.701168614,0.111296605,1925,405000,120000,300000,7,2,3,5500,1760,1106,75000,20.15,1750.5,11,21,5,20,2,0,0,19,0,4,44,4,0,1,45,46,45,472,5,8,15,617,26,650,21,472,79,2,78,6,47.8,671,2010,4506,2123,2383,884,2871,751,3913,110,7,210,7,52,207,1152,1829,1152,481,304,225,99,26,17,677,518,137,16,4,1,1,0,2007-11,102328,7784,105700,7526,86167,16858
25025130300,1,3,5,6,0.737572254,0.088439306,1930,415000,45000,300000,7,2,3,5550,1752.5,1223,71650,19.825,1750.5,11,14,4,14,3,1,0,17,0,5,45,6,1,0,49,50,49,530,12,8,20,647,25,695,17,530,53,2,100,3,43.5,712,2010,4419,2079,2340,982,2746,691,3677,139,3,232,13,85,270,1164,1756,1164,461,312,233,104,41,13,592,457,115,12,7,1,0,0,2007-11,87477,20746,112768,13080,52301,12500
25025130402,7,12,18,25,0.619548872,0.105263158,1950,315000,69500,240000,6,2,3,4892,1352,998,42500,18.825,1350.5,10,21,11,18,7,2,1,26,0,17,71,6,0,3,79,86,79,544,20,14,23,745,24,800,26,544,75,1,158,9,42.3,826,2010,4637,2193,2444,860,2906,871,3695,177,2,391,18,54,300,1153,2102,1153,515,268,226,100,37,7,949,810,122,7,6,3,0,1,2007-11,76303,4843,88750,26946,32239,41502
25025130404,4,5,10,9,0.41385653,0.089515635,1957.5,285750,96250,214940,6,2,3,4100,1304,978.5,36000,13.33,1350.5,11,8,8,9,8,6,0,24,0,22,26,12,6,3,52,53,52,282,17,10,13,478,14,517,15,282,28,5,193,4,37.4,532,2010,2901,1264,1637,476,1719,706,2054,204,1,232,18,43,349,653,1258,653,267,169,134,52,22,9,605,526,73,4,2,0,0,0,2007-11,76424,12705,83304,20159,49828,12099
25025130406,50,126,20,40,0.630071599,0.085918854,1960,300000,77000,212000,6,2,3,4800,1429,1002.5,27400,10.87,1450.5,12,6,6,15,7,2,0,6,0,39,25,18,2,3,26,27,26,200,18,6,8,349,10,379,12,200,19,7,144,1,41.4,391,2010,5107,2244,2863,1537,2943,627,1594,2063,8,256,23,103,1060,1327,2112,1327,521,376,266,101,46,17,785,682,94,7,1,1,0,0,2007-11,29271,9726,73523,24753,20739,7772
25025140102,11,12,19,18,0.632847178,0.106531389,1950,300000,113000,248000,7,2,3,5665,1584,652.5,26500,12.22,1550.5,9,26,12,30,33,7,0,46,0,24,56,59,7,0,87,88,87,440,74,14,22,590,15,656,59,440,114,17,83,3,42.8,715,2010,4401,2138,2263,1128,2734,539,1699,1717,4,89,38,99,755,1083,1548,1083,339,252,241,150,60,41,465,381,69,11,2,2,0,0,2007-11,57336,8408,74040,11904,30456,6117
25025140105,10,4,11,9,0.707979626,0.072156197,1942,292250,115000,246018.5,7,2,3,5450,1417.5,1057,31250,9.96,1450.5,10,14,8,8,12,8,0,18,0,8,37,25,7,0,37,40,37,351,27,7,18,456,14,499,23,351,90,22,35,1,48.1,522,2010,3675,1714,1961,856,2406,413,1305,1232,3,58,32,90,955,932,1274,932,296,248,201,107,44,36,342,268,55,12,5,1,0,1,2007-11,74205,20438,83452,10630,58638,8614
25025140106,12,46,43,54,0.555555556,0.111111111,1925,333000,115000,280500,8,2,4,6770,1906,1553,61287,26.08,1950.5,3,0,0,0,1,0,0,0,0,2,0,2,0,0,2,2,2,16,1,1,0,36,1,38,1,16,13,4,4,1,41,39,2010,1901,832,1069,541,1140,220,278,930,7,30,13,48,595,456,791,456,150,132,90,58,15,11,335,294,37,3,0,0,1,0,2007-11,27841,10935,107321,47749,21827,9399
25025140107,5,4,13,6,0.646616541,0.09273183,1925,295000,110000,237965,7,2,3,5358,1653.5,928,14750,5.86,1650.5,10,14,8,14,20,4,0,25,0,18,38,36,4,0,45,48,45,238,37,10,10,372,21,422,28,238,107,14,66,4,44.7,450,2010,2531,1202,1329,552,1644,335,891,898,12,56,16,40,618,610,977,610,186,183,122,75,20,24,367,316,46,3,1,1,0,0,2007-11,52829,9161,69732,24688,45446,30808
25025140201,14,14,24,15,0.533447684,0.169811321,1920,305000,78000,240000,7,2,3,5223,1554,616,29000,7.46,1550.5,12,20,5,10,10,3,0,11,0,4,28,23,2,1,36,36,36,123,20,3,11,233,6,243,30,123,75,15,26,1,42.5,273,2010,2072,999,1073,469,1364,239,978,607,7,51,39,49,341,501,861,501,177,140,112,41,16,15,360,295,63,2,0,0,0,0,2007-11,60000,22942,73269,30288,51042,18366
25025140202,4,19,26,16,0.744247206,0.0539119,1948,318000,107500,264000,7,2,3,6500,1665,975.5,47000,14.69,1650.5,11,13,11,15,22,11,0,18,0,8,45,43,2,0,53,60,53,463,44,9,12,644,19,693,35,463,172,23,52,4,45.2,728,2010,5600,2629,2971,1371,3508,721,2400,1784,10,120,38,113,1135,1358,1952,1358,440,345,295,179,59,40,594,476,105,7,4,1,1,0,2007-11,66900,9843,90000,13361,36173,17222
25025140300,19,23,63,55,0.569105691,0.1369606,1920,303000,115000,245000,7,2,4,5286,1852,651,4100,1.295,1850.5,10,44,21,47,40,12,0,76,0,31,75,90,4,1,95,102,95,253,87,21,21,658,24,733,78,253,231,66,162,2,42.4,811,2010,6382,3015,3367,1469,4042,871,1184,3448,19,85,54,118,1474,1477,2353,1477,432,401,306,183,87,68,876,749,97,22,1,5,1,1,2007-11,54640,8767,98281,32298,30795,10100
25025140400,28,30,53,56,0.642353916,0.064235392,1950,239000,75000,181050,7,2,3,4400,1368,706,0,0,1350.5,9,39,29,35,61,15,0,43,0,38,111,119,9,2,116,120,116,525,116,32,24,900,35,1015,92,525,172,35,326,6,44,1107,2010,7650,3532,4118,1745,4895,1010,666,5425,30,75,45,180,1229,1944,2743,1944,631,511,421,208,96,77,799,688,84,19,4,4,0,0,2007-11,52644,9182,68889,15444,34864,10237
25025980300,0,0,0,0,0,0,1920,267000,80000,200250,5,1,2,1030,1030,1044.5,38750,17.54,1050.5,24,0,0,0,0,0,0,2,0,1,2,0,0,0,0,1,0,0,0,0,1,24,0,25,0,0,0,0,25,0,8,25,2010,338,258,80,4,312,22,147,107,2,10,0,4,68,0,2,0,0,0,0,0,0,0,2,2,0,0,0,0,0,0,2007-11,0,0,0,0,0,0
25025980700,1,0,0,0,0,0,1925,176000,63000,135000,3,1,1,629,629,899,23500,16.07,650.5,15,0,0,1,1,0,0,0,0,2,0,1,0,0,4,4,4,3,1,1,0,41,0,42,1,3,0,0,38,0,34.9,43,2010,6,2,4,0,4,2,5,0,0,1,0,0,0,2,4,2,2,0,0,0,0,0,2,2,0,0,0,0,0,0,2007-11,0,0,0,0,0,0
25025981000,0,0,0,0,0,0,1910,420000,280000,327000,5,2,2,3120,2449,579.5,23750,5.985,2450.5,14,2,0,0,0,0,0,1,0,1,1,0,0,0,4,4,4,2,0,1,0,16,0,15,2,2,2,0,7,0,17.6,17,2010,22,13,9,8,14,0,3,14,0,0,0,5,0,3,5,3,0,0,1,0,1,1,2,1,0,1,0,0,0,0,2007-11,0,0,0,0,0,0
25025981100,0,0,6,21,0.429752066,0.148760331,2009,289000,0,234400,5,2,2,1152,1150,,,,1150.5,,0,0,1,0,0,0,3,0,0,2,0,0,0,0,0,0,2,0,0,0,11,0,11,0,2,0,0,9,0,45.5,11,2010,418,287,131,95,316,7,84,228,0,13,2,6,85,68,85,68,35,24,4,2,1,2,17,17,0,0,0,0,0,0,2007-11,15385,11569,0,0,15385,11569
25025981201,0,0,0,0,0,0,1920,626000,0,417000,5,2,2,1405,1405,852,48000,15.815,1450.5,4,0,0,0,0,0,0,0,0,2,1,0,0,0,1,1,1,0,0,1,0,6,0,7,0,0,0,0,6,0,14.3,7,2010,0,0,0,0,0,0,0,0,0,0,0,0,0,0,0,0,0,0,0,0,0,0,0,0,0,0,0,0,0,0,2007-11,0,0,0,0,0,0
25025981202,0,0,0,0,0,0.313131313,2005,242800,0,187200,4,1,1,903,903,949,40099.5,14.53,950.5,11,2,0,0,0,0,0,29,0,2,5,0,0,0,6,6,6,0,0,4,0,53,4,59,2,0,0,0,58,0,29.5,61,2010,207,199,8,0,207,0,155,11,0,3,0,1,37,0,0,0,0,0,0,0,0,0,0,0,0,0,0,0,0,0,2007-11,0,0,0,0,0,0
25025981300,1,0,0,2,0.474137931,0.063218391,1910,273950,0,205491,2,1,1,870,901.5,919,57450,26.41,900.5,8,0,0,1,1,0,0,23,0,0,0,2,0,0,4,4,4,0,1,0,1,31,7,39,1,0,0,9,31,0,12.5,40,2010,389,233,156,36,341,12,258,13,4,29,0,14,71,60,236,60,36,12,5,5,0,2,176,132,43,1,0,0,0,0,2007-11,76705,22307,78935,11951,63333,26617
25025981502,1,0,0,0,0,0.666666667,1910,377000,160000,154280,6,2,4,4195,2026,1073,49000,14.84,2050.5,12,4,1,1,0,0,0,1,0,2,4,1,0,0,2,2,2,3,1,1,0,16,1,15,4,3,5,3,0,0,42.1,19,2010,9,5,4,1,6,2,7,0,0,0,0,0,2,2,3,2,1,0,0,1,0,0,1,0,1,0,0,0,0,0,2007-11,0,0,0,0,0,0
25025981600,0,0,1,0,0,0.222222222,1915,472000,0,377600,11,3,5,4050,3052,,,,3050.5,,0,0,0,0,0,0,0,0,0,0,0,0,0,0,0,0,0,0,0,0,1,0,1,0,0,1,0,0,0,100,1,2010,0,0,0,0,0,0,0,0,0,0,0,0,0,0,0,0,0,0,0,0,0,0,0,0,0,0,0,0,0,0,2007-11,0,0,0,0,0,0
25025981700,0,0,0,0,0,0.142857143,1982,1387500,0,0,4,2,2,1503.5,1482.5,967.5,177250,14.305,1450.5,15,2,0,6,0,0,0,28,0,1,5,0,0,0,7,6,7,0,0,1,4,67,4,74,2,0,0,1,74,0,22.4,76,2010,0,0,0,0,0,0,0,0,0,0,0,0,0,0,0,0,0,0,0,0,0,0,0,0,0,0,0,0,0,0,2007-11,0,0,0,0,0,0
25025981800,1,0,0,0,0,0,1987,450000,303000,285000,5,2,2,1478,1261,912,88000,21.26,1250.5,15,0,0,1,0,0,0,0,0,1,4,0,0,0,7,7,7,0,1,0,0,58,2,61,0,0,0,0,61,0,24.6,61,2010,82,33,49,7,36,39,71,5,0,3,0,0,3,23,46,23,19,2,2,0,0,0,23,18,5,0,0,0,0,0,2007-11,0,0,0,0,0,0
